<?xml version="1.0"?>
<doc>
    <assembly>
        <name>Ranorex.Plugin.RawText</name>
    </assembly>
    <members>
        <member name="P:Ranorex.Plugin.RawTextFlavor.Instance">
            <summary>
            Gets the local instance of this flavor.
            </summary>
        </member>
        <member name="T:Ranorex.RawImage">
            <summary>
            Raw image data drawn by the GDI API.
            </summary>
        </member>
        <member name="M:Ranorex.RawImage.#ctor">
            <summary>
            Creates a new <see cref="T:Ranorex.RawImage"/> adapter instance. This constructor is used
            internally by the Ranorex Core Framework for performance issues!
            </summary>
        </member>
        <member name="M:Ranorex.RawImage.#ctor(Ranorex.Core.Element)">
            <summary>
            Creates a new <see cref="T:Ranorex.RawImage"/> adapter instance.
            </summary>
            <param name="element">The element to create the adapter for.</param>
            <exception cref="T:System.NullReferenceException">If <paramref name="element"/> is <c>null</c>.</exception>
            <exception cref="T:Ranorex.CapabilityNotSupportedException">If the element does not support the
            capabilities required by this adapter.</exception>
        </member>
        <member name="P:Ranorex.RawImage.Id">
            <summary>
            The generated image id.
            </summary>
        </member>
        <member name="P:Ranorex.RawImage.Origin">
            <summary>
            The origin of the captured image.
            </summary>
        </member>
        <member name="P:Ranorex.RawImage.RequiredCapabilities">
            <summary>
            Capabilities required by the adapter implementation.
            </summary>
        </member>
        <member name="M:Ranorex.RawImage.op_Implicit(System.String)~Ranorex.RawImage">
            <summary>
            Implicitly converts a string to an instance of this class by searching the root.
            </summary>
            <param name="path">The search path.</param>
            <returns>The RawImage.</returns>
            <remarks>The <see cref="P:Ranorex.Adapter.DefaultSearchTimeout"/> is used to search for the specified path.</remarks>
            <exception cref="T:System.ArgumentNullException">If <paramref name="path"/> is <c>null</c>.</exception>
            <exception cref="T:Ranorex.RxPathException">If the specified <paramref name="path"/> is not valid.</exception>
            <exception cref="T:Ranorex.ElementNotFoundException">If no element is found.</exception>
            <exception cref="T:Ranorex.CapabilityNotSupportedException">If the element does not support the
            capabilities required by this adapter.</exception>
        </member>
        <member name="M:Ranorex.RawImage.FromPath(System.String)">
            <summary>
            Converts a string to an instance of this class by searching the root.
            </summary>
            <param name="path">The search path.</param>
            <returns>The RawImage.</returns>
            <remarks>The <see cref="P:Ranorex.Adapter.DefaultSearchTimeout"/> is used to search for the specified path.</remarks>
            <exception cref="T:System.ArgumentNullException">If <paramref name="path"/> is <c>null</c>.</exception>
            <exception cref="T:Ranorex.RxPathException">If the specified <paramref name="path"/> is not valid.</exception>
            <exception cref="T:Ranorex.ElementNotFoundException">If no element is found.</exception>
            <exception cref="T:Ranorex.CapabilityNotSupportedException">If the element does not support the
            capabilities required by this adapter.</exception>
        </member>
        <member name="M:Ranorex.RawImage.op_Implicit(Ranorex.Core.Element)~Ranorex.RawImage">
            <summary>
            Implicitly converts an <see cref="T:Ranorex.Core.Element"/> to an instance of this class.
            </summary>
            <param name="element">The element to convert.</param>
            <returns>The RawImage.</returns>
            <exception cref="T:System.ArgumentNullException">If <paramref name="element"/> is <c>null</c>.</exception>
            <exception cref="T:Ranorex.CapabilityNotSupportedException">If the element does not support the
            capabilities required by this adapter.</exception>
        </member>
        <member name="M:Ranorex.RawImage.FromElement(Ranorex.Core.Element)">
            <summary>
            Converts an <see cref="T:Ranorex.Core.Element"/> to an instance of this class.
            </summary>
            <param name="element">The element to convert.</param>
            <returns>The RawImage.</returns>
            <exception cref="T:System.ArgumentNullException">If <paramref name="element"/> is <c>null</c>.</exception>
            <exception cref="T:Ranorex.CapabilityNotSupportedException">If the element does not support the
            capabilities required by this adapter.</exception>
        </member>
        <member name="T:Ranorex.RawText">
            <summary>
            Raw text drawn by the GDI API.
            </summary>
        </member>
        <member name="M:Ranorex.RawText.CaptureString(Ranorex.Core.Element)">
            <summary>
            Tries to capture the raw text string content from the specified element.
            </summary>
            <param name="element">The element to capture the text from. The element must have the nativewindow capability.</param>
            <returns>The captured text string or <c>null</c> if the <paramref name="element"/> does not support
            the nativewindow capability.</returns>
            <exception cref="T:System.ArgumentNullException">If <paramref name="element"/> is a <c>null</c> reference.</exception>
            <exception cref="T:Ranorex.RanorexException">If capturing the raw text fails, e.g. due to security
            restrictions.</exception>
        </member>
        <member name="M:Ranorex.RawText.#ctor">
            <summary>
            Creates a new <see cref="T:Ranorex.RawText"/> adapter instance. This constructor is used
            internally by the Ranorex Core Framework for performance issues!
            </summary>
        </member>
        <member name="M:Ranorex.RawText.#ctor(Ranorex.Core.Element)">
            <summary>
            Creates a new <see cref="T:Ranorex.RawText"/> adapter instance.
            </summary>
            <param name="element">The element to create the adapter for.</param>
            <exception cref="T:System.NullReferenceException">If <paramref name="element"/> is <c>null</c>.</exception>
            <exception cref="T:Ranorex.CapabilityNotSupportedException">If the element does not support the
            capabilities required by this adapter.</exception>
        </member>
        <member name="P:Ranorex.RawText.Column">
            <summary>
            The inferred text column.
            </summary>
        </member>
        <member name="P:Ranorex.RawText.FontName">
            <summary>
            The font name.
            </summary>
        </member>
        <member name="P:Ranorex.RawText.FontSize">
            <summary>
            The font size in logical units.
            </summary>
        </member>
        <member name="P:Ranorex.RawText.FontStyle">
            <summary>
            The font style.
            </summary>
        </member>
        <member name="P:Ranorex.RawText.Origin">
            <summary>
            The origin of the captured text.
            </summary>
        </member>
        <member name="P:Ranorex.RawText.RawTextValue">
            <summary>
            The captured raw text.
            </summary>
        </member>
        <member name="P:Ranorex.RawText.Row">
            <summary>
            The inferred text row.
            </summary>
        </member>
        <member name="P:Ranorex.RawText.TextColor">
            <summary>
            The text foreground color.
            </summary>
        </member>
        <member name="P:Ranorex.RawText.RequiredCapabilities">
            <summary>
            Capabilities required by the adapter implementation.
            </summary>
        </member>
        <member name="M:Ranorex.RawText.op_Implicit(System.String)~Ranorex.RawText">
            <summary>
            Implicitly converts a string to an instance of this class by searching the root.
            </summary>
            <param name="path">The search path.</param>
            <returns>The RawText.</returns>
            <remarks>The <see cref="P:Ranorex.Adapter.DefaultSearchTimeout"/> is used to search for the specified path.</remarks>
            <exception cref="T:System.ArgumentNullException">If <paramref name="path"/> is <c>null</c>.</exception>
            <exception cref="T:Ranorex.RxPathException">If the specified <paramref name="path"/> is not valid.</exception>
            <exception cref="T:Ranorex.ElementNotFoundException">If no element is found.</exception>
            <exception cref="T:Ranorex.CapabilityNotSupportedException">If the element does not support the
            capabilities required by this adapter.</exception>
        </member>
        <member name="M:Ranorex.RawText.FromPath(System.String)">
            <summary>
            Converts a string to an instance of this class by searching the root.
            </summary>
            <param name="path">The search path.</param>
            <returns>The RawText.</returns>
            <remarks>The <see cref="P:Ranorex.Adapter.DefaultSearchTimeout"/> is used to search for the specified path.</remarks>
            <exception cref="T:System.ArgumentNullException">If <paramref name="path"/> is <c>null</c>.</exception>
            <exception cref="T:Ranorex.RxPathException">If the specified <paramref name="path"/> is not valid.</exception>
            <exception cref="T:Ranorex.ElementNotFoundException">If no element is found.</exception>
            <exception cref="T:Ranorex.CapabilityNotSupportedException">If the element does not support the
            capabilities required by this adapter.</exception>
        </member>
        <member name="M:Ranorex.RawText.op_Implicit(Ranorex.Core.Element)~Ranorex.RawText">
            <summary>
            Implicitly converts an <see cref="T:Ranorex.Core.Element"/> to an instance of this class.
            </summary>
            <param name="element">The element to convert.</param>
            <returns>The RawText.</returns>
            <exception cref="T:System.ArgumentNullException">If <paramref name="element"/> is <c>null</c>.</exception>
            <exception cref="T:Ranorex.CapabilityNotSupportedException">If the element does not support the
            capabilities required by this adapter.</exception>
        </member>
        <member name="M:Ranorex.RawText.FromElement(Ranorex.Core.Element)">
            <summary>
            Converts an <see cref="T:Ranorex.Core.Element"/> to an instance of this class.
            </summary>
            <param name="element">The element to convert.</param>
            <returns>The RawText.</returns>
            <exception cref="T:System.ArgumentNullException">If <paramref name="element"/> is <c>null</c>.</exception>
            <exception cref="T:Ranorex.CapabilityNotSupportedException">If the element does not support the
            capabilities required by this adapter.</exception>
        </member>
        <member name="T:Ranorex.RawTextBlock">
            <summary>
            Raw text block drawn by the GDI API.
            </summary>
        </member>
        <member name="M:Ranorex.RawTextBlock.#ctor">
            <summary>
            Creates a new <see cref="T:Ranorex.RawTextBlock"/> adapter instance. This constructor is used
            internally by the Ranorex Core Framework for performance issues!
            </summary>
        </member>
        <member name="M:Ranorex.RawTextBlock.#ctor(Ranorex.Core.Element)">
            <summary>
            Creates a new <see cref="T:Ranorex.RawTextBlock"/> adapter instance.
            </summary>
            <param name="element">The element to create the adapter for.</param>
            <exception cref="T:System.NullReferenceException">If <paramref name="element"/> is <c>null</c>.</exception>
            <exception cref="T:Ranorex.CapabilityNotSupportedException">If the element does not support the
            capabilities required by this adapter.</exception>
        </member>
        <member name="P:Ranorex.RawTextBlock.RawText">
            <summary>
            The captured raw text.
            </summary>
        </member>
        <member name="P:Ranorex.RawTextBlock.RequiredCapabilities">
            <summary>
            Capabilities required by the adapter implementation.
            </summary>
        </member>
        <member name="M:Ranorex.RawTextBlock.op_Implicit(System.String)~Ranorex.RawTextBlock">
            <summary>
            Implicitly converts a string to an instance of this class by searching the root.
            </summary>
            <param name="path">The search path.</param>
            <returns>The RawTextBlock.</returns>
            <remarks>The <see cref="P:Ranorex.Adapter.DefaultSearchTimeout"/> is used to search for the specified path.</remarks>
            <exception cref="T:System.ArgumentNullException">If <paramref name="path"/> is <c>null</c>.</exception>
            <exception cref="T:Ranorex.RxPathException">If the specified <paramref name="path"/> is not valid.</exception>
            <exception cref="T:Ranorex.ElementNotFoundException">If no element is found.</exception>
            <exception cref="T:Ranorex.CapabilityNotSupportedException">If the element does not support the
            capabilities required by this adapter.</exception>
        </member>
        <member name="M:Ranorex.RawTextBlock.FromPath(System.String)">
            <summary>
            Converts a string to an instance of this class by searching the root.
            </summary>
            <param name="path">The search path.</param>
            <returns>The RawTextBlock.</returns>
            <remarks>The <see cref="P:Ranorex.Adapter.DefaultSearchTimeout"/> is used to search for the specified path.</remarks>
            <exception cref="T:System.ArgumentNullException">If <paramref name="path"/> is <c>null</c>.</exception>
            <exception cref="T:Ranorex.RxPathException">If the specified <paramref name="path"/> is not valid.</exception>
            <exception cref="T:Ranorex.ElementNotFoundException">If no element is found.</exception>
            <exception cref="T:Ranorex.CapabilityNotSupportedException">If the element does not support the
            capabilities required by this adapter.</exception>
        </member>
        <member name="M:Ranorex.RawTextBlock.op_Implicit(Ranorex.Core.Element)~Ranorex.RawTextBlock">
            <summary>
            Implicitly converts an <see cref="T:Ranorex.Core.Element"/> to an instance of this class.
            </summary>
            <param name="element">The element to convert.</param>
            <returns>The RawTextBlock.</returns>
            <exception cref="T:System.ArgumentNullException">If <paramref name="element"/> is <c>null</c>.</exception>
            <exception cref="T:Ranorex.CapabilityNotSupportedException">If the element does not support the
            capabilities required by this adapter.</exception>
        </member>
        <member name="M:Ranorex.RawTextBlock.FromElement(Ranorex.Core.Element)">
            <summary>
            Converts an <see cref="T:Ranorex.Core.Element"/> to an instance of this class.
            </summary>
            <param name="element">The element to convert.</param>
            <returns>The RawTextBlock.</returns>
            <exception cref="T:System.ArgumentNullException">If <paramref name="element"/> is <c>null</c>.</exception>
            <exception cref="T:Ranorex.CapabilityNotSupportedException">If the element does not support the
            capabilities required by this adapter.</exception>
        </member>
    </members>
</doc>
