<?xml version="1.0"?>
<doc>
    <assembly>
        <name>Ranorex.Plugin.Win32</name>
    </assembly>
    <members>
        <member name="T:Ranorex.DelphiControl">
            <summary>
            Capability of a Delphi-based control.
            </summary>
        </member>
        <member name="M:Ranorex.DelphiControl.#ctor">
            <summary>
            Creates a new <see cref="T:Ranorex.DelphiControl"/> adapter instance. This constructor is used
            internally by the Ranorex Core Framework for performance issues!
            </summary>
        </member>
        <member name="M:Ranorex.DelphiControl.#ctor(Ranorex.Core.Element)">
            <summary>
            Creates a new <see cref="T:Ranorex.DelphiControl"/> adapter instance.
            </summary>
            <param name="element">The element to create the adapter for.</param>
            <exception cref="T:System.NullReferenceException">If <paramref name="element"/> is <c>null</c>.</exception>
            <exception cref="T:Ranorex.CapabilityNotSupportedException">If the element does not support the
            capabilities required by this adapter.</exception>
        </member>
        <member name="P:Ranorex.DelphiControl.ControlName">
            <summary>
            The name of the Delphi control.
            </summary>
        </member>
        <member name="P:Ranorex.DelphiControl.RequiredCapabilities">
            <summary>
            Capabilities required by the adapter implementation.
            </summary>
        </member>
        <member name="M:Ranorex.DelphiControl.op_Implicit(System.String)~Ranorex.DelphiControl">
            <summary>
            Implicitly converts a string to an instance of this class by searching the root.
            </summary>
            <param name="path">The search path.</param>
            <returns>The DelphiControl.</returns>
            <remarks>The <see cref="P:Ranorex.Adapter.DefaultSearchTimeout"/> is used to search for the specified path.</remarks>
            <exception cref="T:System.ArgumentNullException">If <paramref name="path"/> is <c>null</c>.</exception>
            <exception cref="T:Ranorex.RxPathException">If the specified <paramref name="path"/> is not valid.</exception>
            <exception cref="T:Ranorex.ElementNotFoundException">If no element is found.</exception>
            <exception cref="T:Ranorex.CapabilityNotSupportedException">If the element does not support the
            capabilities required by this adapter.</exception>
        </member>
        <member name="M:Ranorex.DelphiControl.FromPath(System.String)">
            <summary>
            Converts a string to an instance of this class by searching the root.
            </summary>
            <param name="path">The search path.</param>
            <returns>The DelphiControl.</returns>
            <remarks>The <see cref="P:Ranorex.Adapter.DefaultSearchTimeout"/> is used to search for the specified path.</remarks>
            <exception cref="T:System.ArgumentNullException">If <paramref name="path"/> is <c>null</c>.</exception>
            <exception cref="T:Ranorex.RxPathException">If the specified <paramref name="path"/> is not valid.</exception>
            <exception cref="T:Ranorex.ElementNotFoundException">If no element is found.</exception>
            <exception cref="T:Ranorex.CapabilityNotSupportedException">If the element does not support the
            capabilities required by this adapter.</exception>
        </member>
        <member name="M:Ranorex.DelphiControl.op_Implicit(Ranorex.Core.Element)~Ranorex.DelphiControl">
            <summary>
            Implicitly converts an <see cref="T:Ranorex.Core.Element"/> to an instance of this class.
            </summary>
            <param name="element">The element to convert.</param>
            <returns>The DelphiControl.</returns>
            <exception cref="T:System.ArgumentNullException">If <paramref name="element"/> is <c>null</c>.</exception>
            <exception cref="T:Ranorex.CapabilityNotSupportedException">If the element does not support the
            capabilities required by this adapter.</exception>
        </member>
        <member name="M:Ranorex.DelphiControl.FromElement(Ranorex.Core.Element)">
            <summary>
            Converts an <see cref="T:Ranorex.Core.Element"/> to an instance of this class.
            </summary>
            <param name="element">The element to convert.</param>
            <returns>The DelphiControl.</returns>
            <exception cref="T:System.ArgumentNullException">If <paramref name="element"/> is <c>null</c>.</exception>
            <exception cref="T:Ranorex.CapabilityNotSupportedException">If the element does not support the
            capabilities required by this adapter.</exception>
        </member>
        <member name="T:Ranorex.NativeItem">
            <summary>
            This element represents a native item (a logical part of a win32 control).
            </summary>
        </member>
        <member name="M:Ranorex.NativeItem.#ctor">
            <summary>
            Creates a new <see cref="T:Ranorex.NativeItem"/> adapter instance. This constructor is used
            internally by the Ranorex Core Framework for performance issues!
            </summary>
        </member>
        <member name="M:Ranorex.NativeItem.#ctor(Ranorex.Core.Element)">
            <summary>
            Creates a new <see cref="T:Ranorex.NativeItem"/> adapter instance.
            </summary>
            <param name="element">The element to create the adapter for.</param>
            <exception cref="T:System.NullReferenceException">If <paramref name="element"/> is <c>null</c>.</exception>
            <exception cref="T:Ranorex.CapabilityNotSupportedException">If the element does not support the
            capabilities required by this adapter.</exception>
        </member>
        <member name="P:Ranorex.NativeItem.CommandId">
            <summary>
            The item command id.
            </summary>
        </member>
        <member name="P:Ranorex.NativeItem.RequiredCapabilities">
            <summary>
            Capabilities required by the adapter implementation.
            </summary>
        </member>
        <member name="M:Ranorex.NativeItem.op_Implicit(System.String)~Ranorex.NativeItem">
            <summary>
            Implicitly converts a string to an instance of this class by searching the root.
            </summary>
            <param name="path">The search path.</param>
            <returns>The NativeItem.</returns>
            <remarks>The <see cref="P:Ranorex.Adapter.DefaultSearchTimeout"/> is used to search for the specified path.</remarks>
            <exception cref="T:System.ArgumentNullException">If <paramref name="path"/> is <c>null</c>.</exception>
            <exception cref="T:Ranorex.RxPathException">If the specified <paramref name="path"/> is not valid.</exception>
            <exception cref="T:Ranorex.ElementNotFoundException">If no element is found.</exception>
            <exception cref="T:Ranorex.CapabilityNotSupportedException">If the element does not support the
            capabilities required by this adapter.</exception>
        </member>
        <member name="M:Ranorex.NativeItem.FromPath(System.String)">
            <summary>
            Converts a string to an instance of this class by searching the root.
            </summary>
            <param name="path">The search path.</param>
            <returns>The NativeItem.</returns>
            <remarks>The <see cref="P:Ranorex.Adapter.DefaultSearchTimeout"/> is used to search for the specified path.</remarks>
            <exception cref="T:System.ArgumentNullException">If <paramref name="path"/> is <c>null</c>.</exception>
            <exception cref="T:Ranorex.RxPathException">If the specified <paramref name="path"/> is not valid.</exception>
            <exception cref="T:Ranorex.ElementNotFoundException">If no element is found.</exception>
            <exception cref="T:Ranorex.CapabilityNotSupportedException">If the element does not support the
            capabilities required by this adapter.</exception>
        </member>
        <member name="M:Ranorex.NativeItem.op_Implicit(Ranorex.Core.Element)~Ranorex.NativeItem">
            <summary>
            Implicitly converts an <see cref="T:Ranorex.Core.Element"/> to an instance of this class.
            </summary>
            <param name="element">The element to convert.</param>
            <returns>The NativeItem.</returns>
            <exception cref="T:System.ArgumentNullException">If <paramref name="element"/> is <c>null</c>.</exception>
            <exception cref="T:Ranorex.CapabilityNotSupportedException">If the element does not support the
            capabilities required by this adapter.</exception>
        </member>
        <member name="M:Ranorex.NativeItem.FromElement(Ranorex.Core.Element)">
            <summary>
            Converts an <see cref="T:Ranorex.Core.Element"/> to an instance of this class.
            </summary>
            <param name="element">The element to convert.</param>
            <returns>The NativeItem.</returns>
            <exception cref="T:System.ArgumentNullException">If <paramref name="element"/> is <c>null</c>.</exception>
            <exception cref="T:Ranorex.CapabilityNotSupportedException">If the element does not support the
            capabilities required by this adapter.</exception>
        </member>
        <member name="T:Ranorex.NativeWindow">
            <summary>
            This element is a native win32 window or control.
            </summary>
        </member>
        <member name="M:Ranorex.NativeWindow.#ctor">
            <summary>
            Creates a new <see cref="T:Ranorex.NativeWindow"/> adapter instance. This constructor is used
            internally by the Ranorex Core Framework for performance issues!
            </summary>
        </member>
        <member name="M:Ranorex.NativeWindow.#ctor(Ranorex.Core.Element)">
            <summary>
            Creates a new <see cref="T:Ranorex.NativeWindow"/> adapter instance.
            </summary>
            <param name="element">The element to create the adapter for.</param>
            <exception cref="T:System.NullReferenceException">If <paramref name="element"/> is <c>null</c>.</exception>
            <exception cref="T:Ranorex.CapabilityNotSupportedException">If the element does not support the
            capabilities required by this adapter.</exception>
        </member>
        <member name="P:Ranorex.NativeWindow.AppHung">
            <summary>
            A flag which represents if the application the window belongs to seems to be hanging.
            </summary>
        </member>
        <member name="P:Ranorex.NativeWindow.Class">
            <summary>
            The name of the native window class.
            </summary>
        </member>
        <member name="P:Ranorex.NativeWindow.ControlId">
            <summary>
            The control id of the window.
            </summary>
        </member>
        <member name="P:Ranorex.NativeWindow.Handle">
            <summary>
            The handle of the native window.
            </summary>
        </member>
        <member name="P:Ranorex.NativeWindow.Instance">
            <summary>
            The instance number of the window for a given class with respect to its siblings.
            </summary>
        </member>
        <member name="P:Ranorex.NativeWindow.ProcessId">
            <summary>
            The process id of the process that owns the native window.
            </summary>
        </member>
        <member name="P:Ranorex.NativeWindow.ProcessName">
            <summary>
            The process name of the process that owns the native window.
            </summary>
        </member>
        <member name="P:Ranorex.NativeWindow.WindowExtendedStyle">
            <summary>
            The extended style of the window.
            </summary>
        </member>
        <member name="P:Ranorex.NativeWindow.WindowStyle">
            <summary>
            The style of the window.
            </summary>
        </member>
        <member name="P:Ranorex.NativeWindow.WindowText">
            <summary>
            The text of the window.
            </summary>
        </member>
        <member name="P:Ranorex.NativeWindow.RequiredCapabilities">
            <summary>
            Capabilities required by the adapter implementation.
            </summary>
        </member>
        <member name="M:Ranorex.NativeWindow.op_Implicit(System.String)~Ranorex.NativeWindow">
            <summary>
            Implicitly converts a string to an instance of this class by searching the root.
            </summary>
            <param name="path">The search path.</param>
            <returns>The NativeWindow.</returns>
            <remarks>The <see cref="P:Ranorex.Adapter.DefaultSearchTimeout"/> is used to search for the specified path.</remarks>
            <exception cref="T:System.ArgumentNullException">If <paramref name="path"/> is <c>null</c>.</exception>
            <exception cref="T:Ranorex.RxPathException">If the specified <paramref name="path"/> is not valid.</exception>
            <exception cref="T:Ranorex.ElementNotFoundException">If no element is found.</exception>
            <exception cref="T:Ranorex.CapabilityNotSupportedException">If the element does not support the
            capabilities required by this adapter.</exception>
        </member>
        <member name="M:Ranorex.NativeWindow.FromPath(System.String)">
            <summary>
            Converts a string to an instance of this class by searching the root.
            </summary>
            <param name="path">The search path.</param>
            <returns>The NativeWindow.</returns>
            <remarks>The <see cref="P:Ranorex.Adapter.DefaultSearchTimeout"/> is used to search for the specified path.</remarks>
            <exception cref="T:System.ArgumentNullException">If <paramref name="path"/> is <c>null</c>.</exception>
            <exception cref="T:Ranorex.RxPathException">If the specified <paramref name="path"/> is not valid.</exception>
            <exception cref="T:Ranorex.ElementNotFoundException">If no element is found.</exception>
            <exception cref="T:Ranorex.CapabilityNotSupportedException">If the element does not support the
            capabilities required by this adapter.</exception>
        </member>
        <member name="M:Ranorex.NativeWindow.op_Implicit(Ranorex.Core.Element)~Ranorex.NativeWindow">
            <summary>
            Implicitly converts an <see cref="T:Ranorex.Core.Element"/> to an instance of this class.
            </summary>
            <param name="element">The element to convert.</param>
            <returns>The NativeWindow.</returns>
            <exception cref="T:System.ArgumentNullException">If <paramref name="element"/> is <c>null</c>.</exception>
            <exception cref="T:Ranorex.CapabilityNotSupportedException">If the element does not support the
            capabilities required by this adapter.</exception>
        </member>
        <member name="M:Ranorex.NativeWindow.FromElement(Ranorex.Core.Element)">
            <summary>
            Converts an <see cref="T:Ranorex.Core.Element"/> to an instance of this class.
            </summary>
            <param name="element">The element to convert.</param>
            <returns>The NativeWindow.</returns>
            <exception cref="T:System.ArgumentNullException">If <paramref name="element"/> is <c>null</c>.</exception>
            <exception cref="T:Ranorex.CapabilityNotSupportedException">If the element does not support the
            capabilities required by this adapter.</exception>
        </member>
        <member name="M:Ranorex.Plugin.CommonControlsFactory.ComputeBridgePath(System.Boolean)">
            <summary>
            places to look for bit bridge:
            1. bin path <see cref="M:Ranorex.Libs.RanorexEnvironment.TryGetRanorexBinPath(System.String@)"/>
            2. directory of Ranorex.Core.dll
            For all probing paths all subdirectories like x64 folder are included.
            </summary>
        </member>
        <member name="T:Ranorex.Plugin.IWin32FlavorElementEquivalent">
            <summary>
            Marks a <see cref="T:Ranorex.Core.FlavorElement"/> as equivalent to a <see cref="P:Ranorex.Plugin.IWin32FlavorElementEquivalent.Win32FlavorElement"/>,
            meaning that glue rules and FromPoint should treat the flavor element as if it were
            from the Win32 flavor.
            </summary>
        </member>
        <member name="P:Ranorex.Plugin.IWin32FlavorElementEquivalent.Win32FlavorElement">
            <summary>
            Gets an equivalent <see cref="P:Ranorex.Plugin.IWin32FlavorElementEquivalent.Win32FlavorElement"/> or <c>null</c> if not available.
            </summary>
        </member>
        <member name="T:Ranorex.Plugin.RanorexToolsFilter">
            <summary>
            Provides helpers to filter windows/processes which belong to Ranorex tools of
            the same Ranorex version.
            </summary>
            <remarks>Only the main module of a process is checked whether it has the Ranorex
            public key token. I.e. 3rd party tools or user test executables are not filtered even
            if the show Ranorex controls (like the test suite progress dialog).</remarks>
        </member>
        <member name="T:Ranorex.Plugin.Win32Resources">
            <summary>
              A strongly-typed resource class, for looking up localized strings, etc.
            </summary>
        </member>
        <member name="P:Ranorex.Plugin.Win32Resources.ResourceManager">
            <summary>
              Returns the cached ResourceManager instance used by this class.
            </summary>
        </member>
        <member name="P:Ranorex.Plugin.Win32Resources.Culture">
            <summary>
              Overrides the current thread's CurrentUICulture property for all
              resource lookups using this strongly typed resource class.
            </summary>
        </member>
        <member name="P:Ranorex.Plugin.Win32Resources.NativeItem">
            <summary>
              Looks up a localized resource of type System.Drawing.Bitmap.
            </summary>
        </member>
        <member name="P:Ranorex.Plugin.Win32Resources.NativeWindow">
            <summary>
              Looks up a localized resource of type System.Drawing.Bitmap.
            </summary>
        </member>
    </members>
</doc>
