<?xml version="1.0"?>
<doc>
    <assembly>
        <name>Ranorex.Plugin.WinForms.Core</name>
    </assembly>
    <members>
        <member name="T:Ranorex.WinformsCoreControl">
            <summary>
            Capability of a .NET Core Windows Forms control.
            </summary>
        </member>
        <member name="P:Ranorex.WinformsCoreControl.Item(System.String)">
            <summary>
            Gets or sets the (serializable) value of the specified control property.
            </summary>
            <param name="name">The name of the property.</param>
            <value>The value of the property.</value>
            <exception cref="T:Ranorex.ActionFailedException">Thrown if invoking the action failed.</exception>
            <remarks>The getter of this property calls the <see cref="M:Ranorex.WinformsCoreControl.GetPropertyValue(System.String)"/> method,
            the setter calls the <see cref="M:Ranorex.WinformsCoreControl.SetPropertyValue(System.String,System.Object)"/> method.</remarks>
        </member>
        <member name="M:Ranorex.WinformsCoreControl.GetPropertyValue``1(System.String)">
            <summary>
            Gets the (serializable) value of the specified control property.
            </summary>
            <typeparam name="T">The type of the property to get the value from.</typeparam>
            <param name="name">The name of the property.</param>
            <returns>The value of the named property or the default value of the specified
            type if the returned value is <c>null</c> and the specified type is a value type.</returns>
            <exception cref="T:System.InvalidCastException">If the returned value cannot be casted
            to the specified type.</exception>
            <exception cref="T:Ranorex.ActionFailedException">Thrown if invoking the action failed.</exception>
        </member>
        <member name="M:Ranorex.WinformsCoreControl.GetPropertyValue``1(System.Reflection.BindingFlags,System.String)">
            <summary>
            Gets the (serializable) value of the specified control property.
            </summary>
            <typeparam name="T">The type of the property to get the value from.</typeparam>
            <param name="flags">A combination of flags that further specify which property to get.</param>
            <param name="name">The name of the property.</param>
            <returns>The value of the named property or the default value of the specified
            type if the returned value is <c>null</c> and the specified type is a value type.</returns>
            <exception cref="T:System.InvalidCastException">If the returned value cannot be casted
            to the specified type.</exception>
            <exception cref="T:Ranorex.ActionFailedException">Thrown if invoking the action failed.</exception>
        </member>
        <member name="M:Ranorex.WinformsCoreControl.GetPropertyValue(System.String)">
            <summary>
            Gets the (serializable) value of the specified control property.
            </summary>
            <param name="name">The name of the property.</param>
            <returns>The value of the property.</returns>
            <exception cref="T:Ranorex.ActionFailedException">Thrown if invoking the action failed.</exception>
        </member>
        <member name="M:Ranorex.WinformsCoreControl.SetPropertyValue(System.String,System.Object)">
            <summary>
            Sets the (serializable) value of the specified control property.
            </summary>
            <param name="name">The name of the property.</param>
            <param name="value">The value (must be serializable) to set the property to.</param>
            <exception cref="T:Ranorex.ActionFailedException">Thrown if invoking the action failed.</exception>
        </member>
        <member name="M:Ranorex.WinformsCoreControl.InvokeMethod(System.String)">
            <summary>
            Invokes the specified method on the control.
            </summary>
            <param name="name">The name of the method to invoke.</param>
            <returns>The (serializable) return value of the invoked method.</returns>
            <remarks>
            Use this method to invoke public instance methods without arguments on a control.
            </remarks>
            <exception cref="T:Ranorex.ActionFailedException">Thrown if invoking the action failed.</exception>
        </member>
        <member name="M:Ranorex.WinformsCoreControl.InvokeMethod(System.String,System.Object[])">
            <summary>
            Invokes the specified method on the control. All parameters need to be serializable.
            </summary>
            <param name="name">The name of the method to invoke.</param>
            <param name="args">The (serializable) values passed as parameters to the method.</param>
            <returns>The (serializable) return value of the invoked method.</returns>
            <remarks>
            Use this method to invoke public instance methods on a control.
            </remarks>
            <exception cref="T:Ranorex.ActionFailedException">Thrown if invoking the action failed.</exception>
        </member>
        <member name="M:Ranorex.WinformsCoreControl.InvokeMethod(System.Reflection.BindingFlags,System.String,System.Object[])">
            <summary>
            Invokes the specified method on the control. All parameters and the return value need to be serializable.
            </summary>
            <param name="flags">A combination of flags that further specify which method to invoke.</param>
            <param name="name">The name of the method to invoke.</param>
            <param name="args">The (serializable) values passed as parameters to the method.</param>
            <returns>The (serializable) return value of the invoked method.</returns>
            <exception cref="T:Ranorex.ActionFailedException">Thrown if invoking the action failed.</exception>
        </member>
        <member name="M:Ranorex.WinformsCoreControl.#ctor">
            <summary>
            Creates a new <see cref="T:Ranorex.WinformsCoreControl"/> adapter instance. This constructor is used
            internally by the Ranorex Core Framework for performance issues!
            </summary>
        </member>
        <member name="M:Ranorex.WinformsCoreControl.#ctor(Ranorex.Core.Element)">
            <summary>
            Creates a new <see cref="T:Ranorex.WinformsCoreControl"/> adapter instance.
            </summary>
            <param name="element">The element to create the adapter for.</param>
            <exception cref="T:System.NullReferenceException">If <paramref name="element"/> is <c>null</c>.</exception>
            <exception cref="T:Ranorex.CapabilityNotSupportedException">If the element does not support the
            capabilities required by this adapter.</exception>
        </member>
        <member name="P:Ranorex.WinformsCoreControl.ControlName">
            <summary>
            The name of the Windows Forms control.
            </summary>
        </member>
        <member name="P:Ranorex.WinformsCoreControl.ControlText">
            <summary>
            The text of the Windows Forms control.
            </summary>
            <exception cref="T:Ranorex.SetAttributeFailedException">Thrown if setting the attribute value failed.</exception>
        </member>
        <member name="P:Ranorex.WinformsCoreControl.ControlType">
            <summary>
            The full type name of the Windows Forms control.
            </summary>
        </member>
        <member name="P:Ranorex.WinformsCoreControl.ControlTypeName">
            <summary>
            The (short) type name of the Windows Forms control.
            </summary>
        </member>
        <member name="P:Ranorex.WinformsCoreControl.FullTypeLineage">
            <summary>
            The full type name lineage of the Windows Forms control.
            </summary>
        </member>
        <member name="M:Ranorex.WinformsCoreControl.GetPropertyValue(System.Reflection.BindingFlags,System.String)">
            <summary>
            Gets the (serializable) value of the specified control property.
            </summary>
            <param name="flags">A combination of flags that further specify which property to get.</param>
            <param name="name">The name of the property.</param>
            <returns>The value of the property.</returns>
            <exception cref="T:Ranorex.ActionFailedException">Thrown if invoking the action failed.</exception>
        </member>
        <member name="M:Ranorex.WinformsCoreControl.InvokeMethod(System.Reflection.BindingFlags,System.String,System.Object[],Ranorex.Duration)">
            <summary>
            Invokes the specified method on the control. All parameters and the return value need to be serializable.
            </summary>
            <param name="flags">A combination of flags that further specify which method to invoke.</param>
            <param name="name">The name of the method to invoke.</param>
            <param name="args">The (serializable) values passed as parameters to the method.</param>
            <param name="timeout">The timeout for this action. The action will return after the timeout even if the method has not yet finished executing.</param>
            <returns>The (serializable) return value of the invoked method.</returns>
            <exception cref="T:Ranorex.ActionFailedException">Thrown if invoking the action failed.</exception>
        </member>
        <member name="M:Ranorex.WinformsCoreControl.SetPropertyValue(System.Reflection.BindingFlags,System.String,System.Object)">
            <summary>
            Sets the (serializable) value of the specified control property.
            </summary>
            <param name="flags">A combination of flags that further specify which property to set.</param>
            <param name="name">The name of the property.</param>
            <param name="value">The value (must be serializable) to set the property to.</param>
            <exception cref="T:Ranorex.ActionFailedException">Thrown if invoking the action failed.</exception>
        </member>
        <member name="P:Ranorex.WinformsCoreControl.RequiredCapabilities">
            <summary>
            Capabilities required by the adapter implementation.
            </summary>
        </member>
        <member name="M:Ranorex.WinformsCoreControl.op_Implicit(System.String)~Ranorex.WinformsCoreControl">
            <summary>
            Implicitly converts a string to an instance of this class by searching the root.
            </summary>
            <param name="path">The search path.</param>
            <returns>The WinformsCoreControl.</returns>
            <remarks>The <see cref="P:Ranorex.Adapter.DefaultSearchTimeout"/> is used to search for the specified path.</remarks>
            <exception cref="T:System.ArgumentNullException">If <paramref name="path"/> is <c>null</c>.</exception>
            <exception cref="T:Ranorex.RxPathException">If the specified <paramref name="path"/> is not valid.</exception>
            <exception cref="T:Ranorex.ElementNotFoundException">If no element is found.</exception>
            <exception cref="T:Ranorex.CapabilityNotSupportedException">If the element does not support the
            capabilities required by this adapter.</exception>
        </member>
        <member name="M:Ranorex.WinformsCoreControl.FromPath(System.String)">
            <summary>
            Converts a string to an instance of this class by searching the root.
            </summary>
            <param name="path">The search path.</param>
            <returns>The WinformsCoreControl.</returns>
            <remarks>The <see cref="P:Ranorex.Adapter.DefaultSearchTimeout"/> is used to search for the specified path.</remarks>
            <exception cref="T:System.ArgumentNullException">If <paramref name="path"/> is <c>null</c>.</exception>
            <exception cref="T:Ranorex.RxPathException">If the specified <paramref name="path"/> is not valid.</exception>
            <exception cref="T:Ranorex.ElementNotFoundException">If no element is found.</exception>
            <exception cref="T:Ranorex.CapabilityNotSupportedException">If the element does not support the
            capabilities required by this adapter.</exception>
        </member>
        <member name="M:Ranorex.WinformsCoreControl.op_Implicit(Ranorex.Core.Element)~Ranorex.WinformsCoreControl">
            <summary>
            Implicitly converts an <see cref="T:Ranorex.Core.Element"/> to an instance of this class.
            </summary>
            <param name="element">The element to convert.</param>
            <returns>The WinformsCoreControl.</returns>
            <exception cref="T:System.ArgumentNullException">If <paramref name="element"/> is <c>null</c>.</exception>
            <exception cref="T:Ranorex.CapabilityNotSupportedException">If the element does not support the
            capabilities required by this adapter.</exception>
        </member>
        <member name="M:Ranorex.WinformsCoreControl.FromElement(Ranorex.Core.Element)">
            <summary>
            Converts an <see cref="T:Ranorex.Core.Element"/> to an instance of this class.
            </summary>
            <param name="element">The element to convert.</param>
            <returns>The WinformsCoreControl.</returns>
            <exception cref="T:System.ArgumentNullException">If <paramref name="element"/> is <c>null</c>.</exception>
            <exception cref="T:Ranorex.CapabilityNotSupportedException">If the element does not support the
            capabilities required by this adapter.</exception>
        </member>
        <member name="T:Ranorex.Plugin.WinFormsCapIcons">
            <summary>
              A strongly-typed resource class, for looking up localized strings, etc.
            </summary>
        </member>
        <member name="P:Ranorex.Plugin.WinFormsCapIcons.ResourceManager">
            <summary>
              Returns the cached ResourceManager instance used by this class.
            </summary>
        </member>
        <member name="P:Ranorex.Plugin.WinFormsCapIcons.Culture">
            <summary>
              Overrides the current thread's CurrentUICulture property for all
              resource lookups using this strongly typed resource class.
            </summary>
        </member>
        <member name="P:Ranorex.Plugin.WinFormsCapIcons.WinForm">
            <summary>
              Looks up a localized resource of type System.Drawing.Bitmap.
            </summary>
        </member>
        <member name="T:Ranorex.Plugin.WinFormsCoreFlavor">
            <summary>
            The flavor for .NET Core Windows Forms support.
            </summary>
        </member>
        <member name="P:Ranorex.Plugin.WinFormsCoreFlavor.Instance">
            <summary>
            Gets the local instance of this flavor.
            </summary>
        </member>
    </members>
</doc>
