<?xml version="1.0"?>
<doc>
    <assembly>
        <name>Ranorex.Plugin.Cef</name>
    </assembly>
    <members>
        <member name="T:Ranorex.Plugin.Localization">
            <summary>
              A strongly-typed resource class, for looking up localized strings, etc.
            </summary>
        </member>
        <member name="P:Ranorex.Plugin.Localization.ResourceManager">
            <summary>
              Returns the cached ResourceManager instance used by this class.
            </summary>
        </member>
        <member name="P:Ranorex.Plugin.Localization.Culture">
            <summary>
              Overrides the current thread's CurrentUICulture property for all
              resource lookups using this strongly typed resource class.
            </summary>
        </member>
        <member name="P:Ranorex.Plugin.Localization.CefNodeIdAttributeDescription">
            <summary>
              Looks up a localized string similar to Node ID for Chrome debugging protocol.
            </summary>
        </member>
        <member name="P:Ranorex.Plugin.Localization.CefPluginDescription">
            <summary>
              Looks up a localized string similar to A plugin for CEF and Chromium-derived applications using the Chrome debugging protocol..
            </summary>
        </member>
        <member name="P:Ranorex.Plugin.Localization.CefTabIdAttributeDescription">
            <summary>
              Looks up a localized string similar to Tab ID for Chrome debugging protocol.
            </summary>
        </member>
        <member name="P:Ranorex.Plugin.Localization.CefWebDocumentDebugDescription">
            <summary>
              Looks up a localized string similar to (DEBUG) Capability of a Chromium-derived web document..
            </summary>
        </member>
        <member name="P:Ranorex.Plugin.Localization.CefWebDocumentDescription">
            <summary>
              Looks up a localized string similar to Web document in an embedded Chromium browser.
            </summary>
        </member>
        <member name="P:Ranorex.Plugin.Localization.CefWebElementDescription">
            <summary>
              Looks up a localized string similar to Web element in an embedded Chromium browser.
            </summary>
        </member>
        <member name="P:Ranorex.Plugin.Localization.ClearMappingActionDescription">
            <summary>
              Looks up a localized string similar to Clears all known mappings of HWNDs to DOM-tabs.
            </summary>
        </member>
        <member name="P:Ranorex.Plugin.Localization.DomBlackList">
            <summary>
              Looks up a localized string similar to DOM pageurl regex black-list.
            </summary>
        </member>
        <member name="P:Ranorex.Plugin.Localization.DomBlackListDescription">
            <summary>
              Looks up a localized string similar to Add a regex e.g. &quot;.*/browser.html&quot; to filter out DOMs. The Regex is checked against the pageurl attribute..
            </summary>
        </member>
        <member name="P:Ranorex.Plugin.Localization.EnableCefDebugCapability">
            <summary>
              Looks up a localized string similar to Enable debug capability.
            </summary>
        </member>
        <member name="P:Ranorex.Plugin.Localization.EnableCefDebugCapabilityDescription">
            <summary>
              Looks up a localized string similar to This capability provides actions in the element tree that are useful for analyzing issues with object recognition..
            </summary>
        </member>
        <member name="P:Ranorex.Plugin.Localization.ForceHwndRectangle">
            <summary>
              Looks up a localized string similar to Force win32 rectangle for dom element.
            </summary>
        </member>
        <member name="P:Ranorex.Plugin.Localization.ForceHwndRectangleDescription">
            <summary>
              Looks up a localized string similar to In some cases it is not possible to get the correct element rectangle for the dom element. Enable force hwnd rectangle to use the win32 rectangle instead..
            </summary>
        </member>
        <member name="P:Ranorex.Plugin.Localization.ProcessByNameBlackList">
            <summary>
              Looks up a localized string similar to Process name black list.
            </summary>
        </member>
        <member name="P:Ranorex.Plugin.Localization.ProcessByNameBlackListDescription">
            <summary>
              Looks up a localized string similar to Process names added to this list are ignored by the CEF-Plugin..
            </summary>
        </member>
        <member name="P:Ranorex.Plugin.Localization.ResetMappingStrategyActionDescription">
            <summary>
              Looks up a localized string similar to Resets the hWnd to DOM mapping strategy back to default..
            </summary>
        </member>
        <member name="P:Ranorex.Plugin.Localization.RestartDebuggerClientWithTcpTableSearchActionDescription">
            <summary>
              Looks up a localized string similar to Restarts the debug client using a listening port from TCP table..
            </summary>
        </member>
        <member name="P:Ranorex.Plugin.Localization.ReverseEndpointsListActionDescription">
            <summary>
              Looks up a localized string similar to Inverts the order of all known endpoints.
            </summary>
        </member>
        <member name="P:Ranorex.Plugin.Localization.SetScreenshotOnlyMappingStrategyActionDescription">
            <summary>
              Looks up a localized string similar to Sets the hWnd to DOM mapping strategy to use screenshots only.
            </summary>
        </member>
        <member name="P:Ranorex.Plugin.Localization.TlFailedUpdateDomMapping">
            <summary>
              Looks up a localized string similar to Failed to get or update all DOMs. Make sure that the Chrome debugger port is not being used by another program (e.g. Chrome DevTools)..
            </summary>
        </member>
        <member name="P:Ranorex.Plugin.Localization.TlInvalidHostState2A">
            <summary>
              Looks up a localized string similar to Failed to instrument application: Ranorex host encountered an internal error. {0}: {1}.
            </summary>
        </member>
        <member name="P:Ranorex.Plugin.Localization.WpfFullTypeWhiteList">
            <summary>
              Looks up a localized string similar to WPF window rule FullType white list.
            </summary>
        </member>
        <member name="P:Ranorex.Plugin.Localization.WpfFullTypeWhiteListDescription">
            <summary>
              Looks up a localized string similar to Define FullType names of WPF elements which should be valid for WPF window rule replacement.
            </summary>
        </member>
        <member name="P:Ranorex.Plugin.CefWebFlavor.Instance">
            <summary>
            Gets the local instance of this flavor.
            </summary>
        </member>
        <member name="T:Ranorex.CefWebDocumentDebug">
            <summary>
            (DEBUG) Capability of a Chromium-derived web document.
            </summary>
        </member>
        <member name="M:Ranorex.CefWebDocumentDebug.#ctor">
            <summary>
            Creates a new <see cref="T:Ranorex.CefWebDocumentDebug"/> adapter instance. This constructor is used
            internally by the Ranorex Core Framework for performance issues!
            </summary>
        </member>
        <member name="M:Ranorex.CefWebDocumentDebug.#ctor(Ranorex.Core.Element)">
            <summary>
            Creates a new <see cref="T:Ranorex.CefWebDocumentDebug"/> adapter instance.
            </summary>
            <param name="element">The element to create the adapter for.</param>
            <exception cref="T:System.NullReferenceException">If <paramref name="element"/> is <c>null</c>.</exception>
            <exception cref="T:Ranorex.CapabilityNotSupportedException">If the element does not support the
            capabilities required by this adapter.</exception>
        </member>
        <member name="M:Ranorex.CefWebDocumentDebug.ResetCachedTabWindowMapping">
            <summary>
            Clears all known mappings of HWNDs to DOM-tabs
            </summary>
            <returns>The result of the operation</returns>
            <exception cref="T:Ranorex.ActionFailedException">Thrown if invoking the action failed.</exception>
        </member>
        <member name="M:Ranorex.CefWebDocumentDebug.ResetTabWindowMappingStrategy">
            <summary>
            Resets the hWnd to DOM mapping strategy back to default.
            </summary>
            <returns>The result of the operation</returns>
            <exception cref="T:Ranorex.ActionFailedException">Thrown if invoking the action failed.</exception>
        </member>
        <member name="M:Ranorex.CefWebDocumentDebug.RestartDebuggerClientTcpTableSearch">
            <summary>
            Restarts the debug client using a listening port from TCP table.
            </summary>
            <returns>The result of the operation</returns>
            <exception cref="T:Ranorex.ActionFailedException">Thrown if invoking the action failed.</exception>
        </member>
        <member name="M:Ranorex.CefWebDocumentDebug.ReverseKnownEndpoints">
            <summary>
            Inverts the order of all known endpoints
            </summary>
            <returns>The result of the operation</returns>
            <exception cref="T:Ranorex.ActionFailedException">Thrown if invoking the action failed.</exception>
        </member>
        <member name="M:Ranorex.CefWebDocumentDebug.SetTabWindowMappingStrategyToScreenshotOnly">
            <summary>
            Sets the hWnd to DOM mapping strategy to use screenshots only
            </summary>
            <returns>The result of the operation</returns>
            <exception cref="T:Ranorex.ActionFailedException">Thrown if invoking the action failed.</exception>
        </member>
        <member name="P:Ranorex.CefWebDocumentDebug.RequiredCapabilities">
            <summary>
            Capabilities required by the adapter implementation.
            </summary>
        </member>
        <member name="M:Ranorex.CefWebDocumentDebug.op_Implicit(System.String)~Ranorex.CefWebDocumentDebug">
            <summary>
            Implicitly converts a string to an instance of this class by searching the root.
            </summary>
            <param name="path">The search path.</param>
            <returns>The CefWebDocumentDebug.</returns>
            <remarks>The <see cref="P:Ranorex.Adapter.DefaultSearchTimeout"/> is used to search for the specified path.</remarks>
            <exception cref="T:System.ArgumentNullException">If <paramref name="path"/> is <c>null</c>.</exception>
            <exception cref="T:Ranorex.RxPathException">If the specified <paramref name="path"/> is not valid.</exception>
            <exception cref="T:Ranorex.ElementNotFoundException">If no element is found.</exception>
            <exception cref="T:Ranorex.CapabilityNotSupportedException">If the element does not support the
            capabilities required by this adapter.</exception>
        </member>
        <member name="M:Ranorex.CefWebDocumentDebug.FromPath(System.String)">
            <summary>
            Converts a string to an instance of this class by searching the root.
            </summary>
            <param name="path">The search path.</param>
            <returns>The CefWebDocumentDebug.</returns>
            <remarks>The <see cref="P:Ranorex.Adapter.DefaultSearchTimeout"/> is used to search for the specified path.</remarks>
            <exception cref="T:System.ArgumentNullException">If <paramref name="path"/> is <c>null</c>.</exception>
            <exception cref="T:Ranorex.RxPathException">If the specified <paramref name="path"/> is not valid.</exception>
            <exception cref="T:Ranorex.ElementNotFoundException">If no element is found.</exception>
            <exception cref="T:Ranorex.CapabilityNotSupportedException">If the element does not support the
            capabilities required by this adapter.</exception>
        </member>
        <member name="M:Ranorex.CefWebDocumentDebug.op_Implicit(Ranorex.Core.Element)~Ranorex.CefWebDocumentDebug">
            <summary>
            Implicitly converts an <see cref="T:Ranorex.Core.Element"/> to an instance of this class.
            </summary>
            <param name="element">The element to convert.</param>
            <returns>The CefWebDocumentDebug.</returns>
            <exception cref="T:System.ArgumentNullException">If <paramref name="element"/> is <c>null</c>.</exception>
            <exception cref="T:Ranorex.CapabilityNotSupportedException">If the element does not support the
            capabilities required by this adapter.</exception>
        </member>
        <member name="M:Ranorex.CefWebDocumentDebug.FromElement(Ranorex.Core.Element)">
            <summary>
            Converts an <see cref="T:Ranorex.Core.Element"/> to an instance of this class.
            </summary>
            <param name="element">The element to convert.</param>
            <returns>The CefWebDocumentDebug.</returns>
            <exception cref="T:System.ArgumentNullException">If <paramref name="element"/> is <c>null</c>.</exception>
            <exception cref="T:Ranorex.CapabilityNotSupportedException">If the element does not support the
            capabilities required by this adapter.</exception>
        </member>
        <member name="T:Ranorex.CefWebElement">
            <summary>
            Web element in an embedded Chromium browser
            </summary>
        </member>
        <member name="M:Ranorex.CefWebElement.#ctor">
            <summary>
            Creates a new <see cref="T:Ranorex.CefWebElement"/> adapter instance. This constructor is used
            internally by the Ranorex Core Framework for performance issues!
            </summary>
        </member>
        <member name="M:Ranorex.CefWebElement.#ctor(Ranorex.Core.Element)">
            <summary>
            Creates a new <see cref="T:Ranorex.CefWebElement"/> adapter instance.
            </summary>
            <param name="element">The element to create the adapter for.</param>
            <exception cref="T:System.NullReferenceException">If <paramref name="element"/> is <c>null</c>.</exception>
            <exception cref="T:Ranorex.CapabilityNotSupportedException">If the element does not support the
            capabilities required by this adapter.</exception>
        </member>
        <member name="P:Ranorex.CefWebElement.CefNodeId">
            <summary>
            Node ID for Chrome debugging protocol
            </summary>
        </member>
        <member name="P:Ranorex.CefWebElement.CefTabId">
            <summary>
            Tab ID for Chrome debugging protocol
            </summary>
        </member>
        <member name="P:Ranorex.CefWebElement.RequiredCapabilities">
            <summary>
            Capabilities required by the adapter implementation.
            </summary>
        </member>
        <member name="M:Ranorex.CefWebElement.op_Implicit(System.String)~Ranorex.CefWebElement">
            <summary>
            Implicitly converts a string to an instance of this class by searching the root.
            </summary>
            <param name="path">The search path.</param>
            <returns>The CefWebElement.</returns>
            <remarks>The <see cref="P:Ranorex.Adapter.DefaultSearchTimeout"/> is used to search for the specified path.</remarks>
            <exception cref="T:System.ArgumentNullException">If <paramref name="path"/> is <c>null</c>.</exception>
            <exception cref="T:Ranorex.RxPathException">If the specified <paramref name="path"/> is not valid.</exception>
            <exception cref="T:Ranorex.ElementNotFoundException">If no element is found.</exception>
            <exception cref="T:Ranorex.CapabilityNotSupportedException">If the element does not support the
            capabilities required by this adapter.</exception>
        </member>
        <member name="M:Ranorex.CefWebElement.FromPath(System.String)">
            <summary>
            Converts a string to an instance of this class by searching the root.
            </summary>
            <param name="path">The search path.</param>
            <returns>The CefWebElement.</returns>
            <remarks>The <see cref="P:Ranorex.Adapter.DefaultSearchTimeout"/> is used to search for the specified path.</remarks>
            <exception cref="T:System.ArgumentNullException">If <paramref name="path"/> is <c>null</c>.</exception>
            <exception cref="T:Ranorex.RxPathException">If the specified <paramref name="path"/> is not valid.</exception>
            <exception cref="T:Ranorex.ElementNotFoundException">If no element is found.</exception>
            <exception cref="T:Ranorex.CapabilityNotSupportedException">If the element does not support the
            capabilities required by this adapter.</exception>
        </member>
        <member name="M:Ranorex.CefWebElement.op_Implicit(Ranorex.Core.Element)~Ranorex.CefWebElement">
            <summary>
            Implicitly converts an <see cref="T:Ranorex.Core.Element"/> to an instance of this class.
            </summary>
            <param name="element">The element to convert.</param>
            <returns>The CefWebElement.</returns>
            <exception cref="T:System.ArgumentNullException">If <paramref name="element"/> is <c>null</c>.</exception>
            <exception cref="T:Ranorex.CapabilityNotSupportedException">If the element does not support the
            capabilities required by this adapter.</exception>
        </member>
        <member name="M:Ranorex.CefWebElement.FromElement(Ranorex.Core.Element)">
            <summary>
            Converts an <see cref="T:Ranorex.Core.Element"/> to an instance of this class.
            </summary>
            <param name="element">The element to convert.</param>
            <returns>The CefWebElement.</returns>
            <exception cref="T:System.ArgumentNullException">If <paramref name="element"/> is <c>null</c>.</exception>
            <exception cref="T:Ranorex.CapabilityNotSupportedException">If the element does not support the
            capabilities required by this adapter.</exception>
        </member>
        <member name="T:Ranorex.CefWebDocument">
            <summary>
            Web document in an embedded Chromium browser
            </summary>
        </member>
        <member name="M:Ranorex.CefWebDocument.#ctor">
            <summary>
            Creates a new <see cref="T:Ranorex.CefWebDocument"/> adapter instance. This constructor is used
            internally by the Ranorex Core Framework for performance issues!
            </summary>
        </member>
        <member name="M:Ranorex.CefWebDocument.#ctor(Ranorex.Core.Element)">
            <summary>
            Creates a new <see cref="T:Ranorex.CefWebDocument"/> adapter instance.
            </summary>
            <param name="element">The element to create the adapter for.</param>
            <exception cref="T:System.NullReferenceException">If <paramref name="element"/> is <c>null</c>.</exception>
            <exception cref="T:Ranorex.CapabilityNotSupportedException">If the element does not support the
            capabilities required by this adapter.</exception>
        </member>
        <member name="P:Ranorex.CefWebDocument.CefTabId">
            <summary>
            Tab ID for Chrome debugging protocol
            </summary>
        </member>
        <member name="P:Ranorex.CefWebDocument.RequiredCapabilities">
            <summary>
            Capabilities required by the adapter implementation.
            </summary>
        </member>
        <member name="M:Ranorex.CefWebDocument.op_Implicit(System.String)~Ranorex.CefWebDocument">
            <summary>
            Implicitly converts a string to an instance of this class by searching the root.
            </summary>
            <param name="path">The search path.</param>
            <returns>The CefWebDocument.</returns>
            <remarks>The <see cref="P:Ranorex.Adapter.DefaultSearchTimeout"/> is used to search for the specified path.</remarks>
            <exception cref="T:System.ArgumentNullException">If <paramref name="path"/> is <c>null</c>.</exception>
            <exception cref="T:Ranorex.RxPathException">If the specified <paramref name="path"/> is not valid.</exception>
            <exception cref="T:Ranorex.ElementNotFoundException">If no element is found.</exception>
            <exception cref="T:Ranorex.CapabilityNotSupportedException">If the element does not support the
            capabilities required by this adapter.</exception>
        </member>
        <member name="M:Ranorex.CefWebDocument.FromPath(System.String)">
            <summary>
            Converts a string to an instance of this class by searching the root.
            </summary>
            <param name="path">The search path.</param>
            <returns>The CefWebDocument.</returns>
            <remarks>The <see cref="P:Ranorex.Adapter.DefaultSearchTimeout"/> is used to search for the specified path.</remarks>
            <exception cref="T:System.ArgumentNullException">If <paramref name="path"/> is <c>null</c>.</exception>
            <exception cref="T:Ranorex.RxPathException">If the specified <paramref name="path"/> is not valid.</exception>
            <exception cref="T:Ranorex.ElementNotFoundException">If no element is found.</exception>
            <exception cref="T:Ranorex.CapabilityNotSupportedException">If the element does not support the
            capabilities required by this adapter.</exception>
        </member>
        <member name="M:Ranorex.CefWebDocument.op_Implicit(Ranorex.Core.Element)~Ranorex.CefWebDocument">
            <summary>
            Implicitly converts an <see cref="T:Ranorex.Core.Element"/> to an instance of this class.
            </summary>
            <param name="element">The element to convert.</param>
            <returns>The CefWebDocument.</returns>
            <exception cref="T:System.ArgumentNullException">If <paramref name="element"/> is <c>null</c>.</exception>
            <exception cref="T:Ranorex.CapabilityNotSupportedException">If the element does not support the
            capabilities required by this adapter.</exception>
        </member>
        <member name="M:Ranorex.CefWebDocument.FromElement(Ranorex.Core.Element)">
            <summary>
            Converts an <see cref="T:Ranorex.Core.Element"/> to an instance of this class.
            </summary>
            <param name="element">The element to convert.</param>
            <returns>The CefWebDocument.</returns>
            <exception cref="T:System.ArgumentNullException">If <paramref name="element"/> is <c>null</c>.</exception>
            <exception cref="T:Ranorex.CapabilityNotSupportedException">If the element does not support the
            capabilities required by this adapter.</exception>
        </member>
    </members>
</doc>
